{"labels_3d": [2, 2, 2], "scores_3d": [0.6835745573043823, 0.5926854014396667, 0.4523172974586487], "bboxes_3d": [[0.7995161414146423, 1.7505677938461304, 30.994827270507812, 3.7110915184020996, 1.455381155014038, 1.595229983329773, -1.5757510662078857], [-1.853928565979004, 1.5522656440734863, 46.831851959228516, 3.8121354579925537, 1.5029553174972534, 1.5808525085449219, -1.6825882196426392], [-3.633572578430176, 1.7876577377319336, 15.782330513000488, 3.8395745754241943, 1.4941415786743164, 1.579592227935791, -1.6109166145324707]], "box_type_3d": "Camera"}